[
    {
        "subtype": "bot_message",
        "text": ":ga1::ga2:*제목:[일반] Slack(슬랙) 종료 일자 및 Teams(팀즈) 사용 일정 안내 * <https:\/\/pro.seowoninfo.com\/member\/board\/board\/detail?BOARD_GUBUN=notice&amp;BOARD_TYPE=MC00000029&amp;MENU_CODE=MN00000020&amp;BOARD_SEQ=94| 게시판 바로가기>",
        "username": "공지",
        "type": "message",
        "ts": "1728291021.765899",
        "bot_id": "B06SJ5JTK6W",
        "blocks": [
            {
                "type": "section",
                "block_id": "2lUPw",
                "text": {
                    "type": "mrkdwn",
                    "text": ":ga1::ga2:*제목:[일반] Slack(슬랙) 종료 일자 및 Teams(팀즈) 사용 일정 안내 *",
                    "verbatim": false
                }
            },
            {
                "type": "section",
                "block_id": "lak9s",
                "text": {
                    "type": "mrkdwn",
                    "text": "<https:\/\/pro.seowoninfo.com\/member\/board\/board\/detail?BOARD_GUBUN=notice&amp;BOARD_TYPE=MC00000029&amp;MENU_CODE=MN00000020&amp;BOARD_SEQ=94| 게시판 바로가기>",
                    "verbatim": false
                }
            }
        ]
    },
    {
        "subtype": "bot_message",
        "text": ":hr1::hr2:*제목:[일반] 인사발령 * <https:\/\/pro.seowoninfo.com\/member\/board\/board\/detail?BOARD_GUBUN=notice&amp;BOARD_TYPE=MC00000029&amp;MENU_CODE=MN00000020&amp;BOARD_SEQ=95| 게시판 바로가기>",
        "username": "공지",
        "type": "message",
        "ts": "1728368618.004039",
        "bot_id": "B06SJ5JTK6W",
        "blocks": [
            {
                "type": "section",
                "block_id": "aqCSt",
                "text": {
                    "type": "mrkdwn",
                    "text": ":hr1::hr2:*제목:[일반] 인사발령 *",
                    "verbatim": false
                }
            },
            {
                "type": "section",
                "block_id": "S0nPd",
                "text": {
                    "type": "mrkdwn",
                    "text": "<https:\/\/pro.seowoninfo.com\/member\/board\/board\/detail?BOARD_GUBUN=notice&amp;BOARD_TYPE=MC00000029&amp;MENU_CODE=MN00000020&amp;BOARD_SEQ=95| 게시판 바로가기>",
                    "verbatim": false
                }
            }
        ]
    }
]