[
    {
        "subtype": "bot_message",
        "text": ":hr1::hr2:*제목:[일반] 인사발령* <https:\/\/pro.seowoninfo.com\/member\/board\/board\/detail?BOARD_GUBUN=notice&amp;BOARD_TYPE=MC00000029&amp;MENU_CODE=MN00000020&amp;BOARD_SEQ=97| 게시판 바로가기>",
        "username": "공지",
        "type": "message",
        "ts": "1728543923.878559",
        "bot_id": "B06SJ5JTK6W",
        "blocks": [
            {
                "type": "section",
                "block_id": "0Xmt6",
                "text": {
                    "type": "mrkdwn",
                    "text": ":hr1::hr2:*제목:[일반] 인사발령*",
                    "verbatim": false
                }
            },
            {
                "type": "section",
                "block_id": "87mb4",
                "text": {
                    "type": "mrkdwn",
                    "text": "<https:\/\/pro.seowoninfo.com\/member\/board\/board\/detail?BOARD_GUBUN=notice&amp;BOARD_TYPE=MC00000029&amp;MENU_CODE=MN00000020&amp;BOARD_SEQ=97| 게시판 바로가기>",
                    "verbatim": false
                }
            }
        ]
    },
    {
        "subtype": "bot_message",
        "text": ":hr1::hr2:*제목:[일반] 2024년 연차촉진제(2차) 안내* <https:\/\/pro.seowoninfo.com\/member\/board\/board\/detail?BOARD_GUBUN=notice&amp;BOARD_TYPE=MC00000029&amp;MENU_CODE=MN00000020&amp;BOARD_SEQ=98| 게시판 바로가기>",
        "username": "공지",
        "type": "message",
        "ts": "1728547117.411859",
        "bot_id": "B06SJ5JTK6W",
        "blocks": [
            {
                "type": "section",
                "block_id": "a445b",
                "text": {
                    "type": "mrkdwn",
                    "text": ":hr1::hr2:*제목:[일반] 2024년 연차촉진제(2차) 안내*",
                    "verbatim": false
                }
            },
            {
                "type": "section",
                "block_id": "p+eYx",
                "text": {
                    "type": "mrkdwn",
                    "text": "<https:\/\/pro.seowoninfo.com\/member\/board\/board\/detail?BOARD_GUBUN=notice&amp;BOARD_TYPE=MC00000029&amp;MENU_CODE=MN00000020&amp;BOARD_SEQ=98| 게시판 바로가기>",
                    "verbatim": false
                }
            }
        ]
    }
]