[
    {
        "text": "안녕하세요, 금주 식단 공유드리오니 참고해주시기 바랍니다:slightly_smiling_face:",
        "files": [
            {
                "id": "F07QF22UCCE",
                "created": 1728269350,
                "timestamp": 1728269350,
                "name": "image001.png",
                "title": "image001.png",
                "mimetype": "image\/png",
                "filetype": "png",
                "pretty_type": "PNG",
                "user": "U05NNDAHFHR",
                "user_team": "T02DJMQ5SHF",
                "editable": false,
                "size": 400298,
                "mode": "hosted",
                "is_external": false,
                "external_type": "",
                "is_public": true,
                "public_url_shared": false,
                "display_as_bot": false,
                "username": "",
                "url_private": "https:\/\/files.slack.com\/files-pri\/T02DJMQ5SHF-F07QF22UCCE\/image001.png?t=xoxe-2460738196593-7877266602545-7861723950645-05b3b06bfb3c800bb11817677b15c908",
                "url_private_download": "https:\/\/files.slack.com\/files-pri\/T02DJMQ5SHF-F07QF22UCCE\/download\/image001.png?t=xoxe-2460738196593-7877266602545-7861723950645-05b3b06bfb3c800bb11817677b15c908",
                "media_display_type": "unknown",
                "thumb_64": "https:\/\/files.slack.com\/files-tmb\/T02DJMQ5SHF-F07QF22UCCE-e93a59dae7\/image001_64.png?t=xoxe-2460738196593-7877266602545-7861723950645-05b3b06bfb3c800bb11817677b15c908",
                "thumb_80": "https:\/\/files.slack.com\/files-tmb\/T02DJMQ5SHF-F07QF22UCCE-e93a59dae7\/image001_80.png?t=xoxe-2460738196593-7877266602545-7861723950645-05b3b06bfb3c800bb11817677b15c908",
                "thumb_360": "https:\/\/files.slack.com\/files-tmb\/T02DJMQ5SHF-F07QF22UCCE-e93a59dae7\/image001_360.png?t=xoxe-2460738196593-7877266602545-7861723950645-05b3b06bfb3c800bb11817677b15c908",
                "thumb_360_w": 360,
                "thumb_360_h": 242,
                "thumb_480": "https:\/\/files.slack.com\/files-tmb\/T02DJMQ5SHF-F07QF22UCCE-e93a59dae7\/image001_480.png?t=xoxe-2460738196593-7877266602545-7861723950645-05b3b06bfb3c800bb11817677b15c908",
                "thumb_480_w": 480,
                "thumb_480_h": 322,
                "thumb_160": "https:\/\/files.slack.com\/files-tmb\/T02DJMQ5SHF-F07QF22UCCE-e93a59dae7\/image001_160.png?t=xoxe-2460738196593-7877266602545-7861723950645-05b3b06bfb3c800bb11817677b15c908",
                "thumb_720": "https:\/\/files.slack.com\/files-tmb\/T02DJMQ5SHF-F07QF22UCCE-e93a59dae7\/image001_720.png?t=xoxe-2460738196593-7877266602545-7861723950645-05b3b06bfb3c800bb11817677b15c908",
                "thumb_720_w": 720,
                "thumb_720_h": 483,
                "thumb_800": "https:\/\/files.slack.com\/files-tmb\/T02DJMQ5SHF-F07QF22UCCE-e93a59dae7\/image001_800.png?t=xoxe-2460738196593-7877266602545-7861723950645-05b3b06bfb3c800bb11817677b15c908",
                "thumb_800_w": 800,
                "thumb_800_h": 537,
                "original_w": 824,
                "original_h": 553,
                "thumb_tiny": "AwAgADC55z5+6KPOfP3RULGTb8igmkcyhAQuTntSuwJzI5PC\/rR5jj+Hp6moIvNJJb5RinIzlWzk4JGAOTRcLEpmfHQUnmt1x+tMIbBwCT6YqL97\/dfP0pXYFiP7pp46UxPlBBp4INMBDwtNAcS9RsI\/HNSbTjpTUiZevJpiF55pf4qNp9KDweaQH\/\/Z",
                "permalink": "https:\/\/seowoninfo.slack.com\/files\/U05NNDAHFHR\/F07QF22UCCE\/image001.png",
                "permalink_public": "https:\/\/slack-files.com\/T02DJMQ5SHF-F07QF22UCCE-4a01d919f8",
                "is_starred": false,
                "has_rich_preview": false,
                "file_access": "visible"
            }
        ],
        "upload": false,
        "user": "U05NNDAHFHR",
        "display_as_bot": false,
        "blocks": [
            {
                "type": "rich_text",
                "block_id": "3o7Lb",
                "elements": [
                    {
                        "type": "rich_text_section",
                        "elements": [
                            {
                                "type": "text",
                                "text": "안녕하세요, 금주 식단 공유드리오니 참고해주시기 바랍니다"
                            },
                            {
                                "type": "emoji",
                                "name": "slightly_smiling_face",
                                "unicode": "1f642"
                            }
                        ]
                    }
                ]
            }
        ],
        "type": "message",
        "ts": "1728269364.871669",
        "client_msg_id": "01e8f171-ee91-4a5d-9b4b-bdbda7e9cdf1",
        "reactions": [
            {
                "name": "partying_face",
                "users": [
                    "U02HTHRNNV7",
                    "U04HHSR8BSM",
                    "U05H9HUPD8T",
                    "U068N56KSKS",
                    "U02D6C9METU",
                    "U05QK084C11",
                    "U04H5834T7U"
                ],
                "count": 7
            }
        ]
    }
]