[
{
    "id": "C02CRBNTFPZ",
    "name": "공지사항",
    "created": 1630569190,
    "creator": "U02CRBNSK5M",
    "is_archived": false,
    "is_general": true,
    "members": [
        "U02CRHDRT1V",
        "U02CVCGAYK1",
        "U02CVDWBUTZ",
        "U02CVLKEZK9",
        "U02CZKR6ZF0",
        "U02D340C61K",
        "U02D3B0B3RT",
        "U02D3C5F5ML",
        "U02D3CD2F5L",
        "U02D661VA03",
        "U02D6C99H3L",
        "U02D6C9METU",
        "U02D6C9NYRY",
        "U02D6KE766P",
        "U02D73ZHB8V",
        "U02D740N2N9",
        "U02D7BVA50D",
        "U02DA4DD350",
        "U02DCLKK2BE",
        "U02DGBRB812",
        "U02DGDRAWNQ",
        "U02DGL00HUL",
        "U02DK11LMC1",
        "U02DP14V67K",
        "U02DW17SYD6",
        "U02DW28GLPJ",
        "U02DZPVGA0G",
        "U02DZQJ46P2",
        "U02DZS2BP7A",
        "U02E08323JL",
        "U02GMSKECN7",
        "U02H0GBQC81",
        "U02HTHRNNV7",
        "U02HZDG9Y3X",
        "U02J42VFZKJ",
        "U02KNEFQ4HL",
        "U02LG4CSGH1",
        "U02T587ANV6",
        "U031VV14QH0",
        "U032PN3U19U",
        "U03AFPCV0SD",
        "U03D9K0C8CE",
        "U03DG5GKX9Q",
        "U03HC9APV6H",
        "U03KPMMALHX",
        "U03L1H0RP1V",
        "U03N3H70YBF",
        "U03RB0CQSKH",
        "U03UBM86M2S",
        "U044SQ22VSS",
        "U04EQQDB12N",
        "U04H5834T7U",
        "U04H583544A",
        "U04HHSR838R",
        "U04HHSR8BSM",
        "U04SNLLAGF2",
        "U0524HXGKGQ",
        "U055S63P67M",
        "U056MTZ9XUJ",
        "U0595N42GBT",
        "U05D0C7FFPF",
        "U05D15CCCP9",
        "U05H9HUPD8T",
        "U05K7HA1CAF",
        "U05NNDAHFHR",
        "U05QK084C11",
        "U061CATGG3X",
        "U0686H5PCM8",
        "U068N56KSKS",
        "U06C5LYN0CU",
        "U06CRP6U9NK",
        "U06PQ1RM41Y",
        "U06SXKXUFEW",
        "U07N3A8C0A2"
    ],
    "pins": [
        {
            "id": "1630645821.014800",
            "type": "C",
            "created": 1630650131,
            "user": "U02D6KE766P",
            "owner": "U02D6KE766P"
        },
        {
            "id": "1631257321.021300",
            "type": "C",
            "created": 1631260801,
            "user": "U02D6KE766P",
            "owner": "U02CRBNSK5M"
        },
        {
            "id": "1672118521.231179",
            "type": "C",
            "created": 1675387452,
            "user": "U02CRHDRT1V",
            "owner": "U02CRBNSK5M"
        }
    ],
    "topic": {
        "value": "Seowon 전사 공지용 채널",
        "creator": "U02CRBNSK5M",
        "last_set": 1675921441
    },
    "purpose": {
        "value": "서원정보 - 네오포스 전 구성원 대상 공지 채널\n- 전 인원 공지사항 (ex. 코로나19)\n- 전 인원 일정 공유 사항",
        "creator": "U02D6KE766P",
        "last_set": 1630645243
    }
},
{
    "id": "C02CZB91LTG",
    "name": "하고싶은말",
    "created": 1630569362,
    "creator": "U02CRBNSK5M",
    "is_archived": false,
    "is_general": false,
    "members": [
        "U02CRHDRT1V",
        "U02CVCGAYK1",
        "U02CVDWBUTZ",
        "U02CVLKEZK9",
        "U02CZKR6ZF0",
        "U02D340C61K",
        "U02D3B0B3RT",
        "U02D3C5F5ML",
        "U02D3CD2F5L",
        "U02D661VA03",
        "U02D6C99H3L",
        "U02D6C9METU",
        "U02D6C9NYRY",
        "U02D6KE766P",
        "U02D73ZHB8V",
        "U02D740N2N9",
        "U02D7BVA50D",
        "U02DA4DD350",
        "U02DCLKK2BE",
        "U02DGBRB812",
        "U02DGDRAWNQ",
        "U02DGL00HUL",
        "U02DK11LMC1",
        "U02DP14V67K",
        "U02DW17SYD6",
        "U02DW28GLPJ",
        "U02DZPVGA0G",
        "U02DZQJ46P2",
        "U02DZS2BP7A",
        "U02E08323JL",
        "U02GMSKECN7",
        "U02H0GBQC81",
        "U02HTHRNNV7",
        "U02HZDG9Y3X",
        "U02J42VFZKJ",
        "U02LG4CSGH1",
        "U02T587ANV6",
        "U031VV14QH0",
        "U032PN3U19U",
        "U03AFPCV0SD",
        "U03D9K0C8CE",
        "U03DG5GKX9Q",
        "U03HC9APV6H",
        "U03KPMMALHX",
        "U03L1H0RP1V",
        "U03N3H70YBF",
        "U03RB0CQSKH",
        "U03UBM86M2S",
        "U044SQ22VSS",
        "U04EQQDB12N",
        "U04H5834T7U",
        "U04H583544A",
        "U04HHSR838R",
        "U04HHSR8BSM",
        "U04SNLLAGF2",
        "U0524HXGKGQ",
        "U055S63P67M",
        "U056MTZ9XUJ",
        "U0595N42GBT",
        "U05D0C7FFPF",
        "U05D15CCCP9",
        "U05H9HUPD8T",
        "U05NNDAHFHR",
        "U05QK084C11",
        "U061CATGG3X",
        "U0686H5PCM8",
        "U068N56KSKS",
        "U06C5LYN0CU",
        "U06CRP6U9NK",
        "U06PQ1RM41Y",
        "U06SXKXUFEW",
        "U07N3A8C0A2"
    ],
    "pins": [
        {
            "id": "1689224348.173029",
            "type": "C",
            "created": 1689224356,
            "user": "U02CRHDRT1V",
            "owner": "U02DAHMAPKM"
        }
    ],
    "topic": {
        "value": "하고 싶은 말을 하는 채널",
        "creator": "U02D6KE766P",
        "last_set": 1630649994
    },
    "purpose": {
        "value": "전사 인원 기본으로 들어가는 채널이므로\n하고 싶은 말을 할 수 있게 채널명을 변경하였습니다.\n\n프로젝트, 아이디어, 하고 싶은말 익명이 아니지만\n하고 싶은 얘기를 같이 논의하면 좋을 것 같습니다",
        "creator": "U02D6KE766P",
        "last_set": 1630649979
    }
},
{
    "id": "C05J3CDBA0J",
    "name": "qa-무엇이든물어보세요",
    "created": 1689907648,
    "creator": "U02CVCGAYK1",
    "is_archived": false,
    "is_general": false,
    "members": [
        "U02CVCGAYK1",
        "U02D3C5F5ML",
        "U02D3CD2F5L",
        "U02D6KE766P",
        "U02D73ZHB8V",
        "U02D740N2N9",
        "U02DA4DD350",
        "U02DGBRB812",
        "U02DZPVGA0G",
        "U02DZQJ46P2",
        "U02E08323JL",
        "U02GMSKECN7",
        "U031VV14QH0",
        "U032PN3U19U",
        "U03DG5GKX9Q",
        "U03HC9APV6H",
        "U03N3H70YBF",
        "U04EQQDB12N",
        "U055S63P67M"
    ],
    "pins": [
        {
            "id": "1694579614.226549",
            "type": "C",
            "created": 1694579838,
            "user": "U02D6KE766P",
            "owner": "U02D6KE766P"
        }
    ],
    "topic": {
        "value": "",
        "creator": "",
        "last_set": 0
    },
    "purpose": {
        "value": "",
        "creator": "",
        "last_set": 0
    }
},
{
    "id": "C06KD5HFPB2",
    "name": "pms",
    "created": 1707897292,
    "creator": "U02D661VA03",
    "is_archived": false,
    "is_general": false,
    "members": [
        "U02CRHDRT1V",
        "U02CVCGAYK1",
        "U02CVDWBUTZ",
        "U02CVLKEZK9",
        "U02CZKR6ZF0",
        "U02D340C61K",
        "U02D3B0B3RT",
        "U02D3C5F5ML",
        "U02D3CD2F5L",
        "U02D661VA03",
        "U02D6C99H3L",
        "U02D6C9METU",
        "U02D6C9NYRY",
        "U02D6KE766P",
        "U02D73ZHB8V",
        "U02D740N2N9",
        "U02D7BVA50D",
        "U02DA4DD350",
        "U02DCLKK2BE",
        "U02DGBRB812",
        "U02DGDRAWNQ",
        "U02DGL00HUL",
        "U02DK11LMC1",
        "U02DP14V67K",
        "U02DW17SYD6",
        "U02DW28GLPJ",
        "U02DZPVGA0G",
        "U02DZQJ46P2",
        "U02DZS2BP7A",
        "U02E08323JL",
        "U02GMSKECN7",
        "U02H0GBQC81",
        "U02HTHRNNV7",
        "U02HZDG9Y3X",
        "U02J42VFZKJ",
        "U02LG4CSGH1",
        "U02T587ANV6",
        "U031VV14QH0",
        "U032PN3U19U",
        "U03AFPCV0SD",
        "U03D9K0C8CE",
        "U03DG5GKX9Q",
        "U03HC9APV6H",
        "U03KPMMALHX",
        "U03L1H0RP1V",
        "U03N3H70YBF",
        "U03UBM86M2S",
        "U044SQ22VSS",
        "U04EQQDB12N",
        "U04H5834T7U",
        "U04H583544A",
        "U04HHSR838R",
        "U04HHSR8BSM",
        "U04SNLLAGF2",
        "U0524HXGKGQ",
        "U055S63P67M",
        "U056MTZ9XUJ",
        "U0595N42GBT",
        "U05D0C7FFPF",
        "U05D15CCCP9",
        "U05H9HUPD8T",
        "U05NNDAHFHR",
        "U05QK084C11",
        "U061CATGG3X",
        "U0686H5PCM8",
        "U068N56KSKS",
        "U06C5LYN0CU",
        "U06CRP6U9NK",
        "U06PQ1RM41Y",
        "U06SXKXUFEW"
    ],
    "topic": {
        "value": "사내 PMS 채널입니다.\n버그 리포팅 또는 하고 싶은 말을 작성 부탁 드립니다.\n<https:\/\/pro.seowoninfo.com\/>",
        "creator": "U02D661VA03",
        "last_set": 1707899768
    },
    "purpose": {
        "value": "",
        "creator": "",
        "last_set": 0
    }
},
{
    "id": "C06L6L9CRUH",
    "name": "스터디-디자인-패턴의-아름다움",
    "created": 1708477887,
    "creator": "U03DG5GKX9Q",
    "is_archived": false,
    "is_general": false,
    "members": [
        "U02CRHDRT1V",
        "U02D6KE766P",
        "U02DZS2BP7A",
        "U031VV14QH0",
        "U03DG5GKX9Q",
        "U05D0C7FFPF"
    ],
    "topic": {
        "value": "",
        "creator": "",
        "last_set": 0
    },
    "purpose": {
        "value": "`디자인 패턴의 아름다움` 책을 함께 읽고, 돌아가면서 요약 \/ 토론 하는 방식으로 스터디를 진행합니다.",
        "creator": "U03DG5GKX9Q",
        "last_set": 1708478809
    }
},
{
    "id": "C07DPDU46QL",
    "name": "보안규정_문의",
    "created": 1721719691,
    "creator": "U05NNDAHFHR",
    "is_archived": false,
    "is_general": false,
    "members": [
        "U02CRHDRT1V",
        "U02CVCGAYK1",
        "U02CVDWBUTZ",
        "U02CVLKEZK9",
        "U02CZKR6ZF0",
        "U02D340C61K",
        "U02D3B0B3RT",
        "U02D3C5F5ML",
        "U02D3CD2F5L",
        "U02D661VA03",
        "U02D6C99H3L",
        "U02D6C9METU",
        "U02D6C9NYRY",
        "U02D6KE766P",
        "U02D73ZHB8V",
        "U02D740N2N9",
        "U02D7BVA50D",
        "U02DA4DD350",
        "U02DCLKK2BE",
        "U02DGBRB812",
        "U02DGDRAWNQ",
        "U02DGL00HUL",
        "U02DK11LMC1",
        "U02DP14V67K",
        "U02DW17SYD6",
        "U02DW28GLPJ",
        "U02DZPVGA0G",
        "U02DZQJ46P2",
        "U02DZS2BP7A",
        "U02E08323JL",
        "U02GMSKECN7",
        "U02H0GBQC81",
        "U02HTHRNNV7",
        "U02HZDG9Y3X",
        "U02J42VFZKJ",
        "U02LG4CSGH1",
        "U02T587ANV6",
        "U031VV14QH0",
        "U032PN3U19U",
        "U03AFPCV0SD",
        "U03D9K0C8CE",
        "U03DG5GKX9Q",
        "U03HC9APV6H",
        "U03KPMMALHX",
        "U03L1H0RP1V",
        "U03N3H70YBF",
        "U03RB0CQSKH",
        "U03UBM86M2S",
        "U044SQ22VSS",
        "U04EQQDB12N",
        "U04H5834T7U",
        "U04H583544A",
        "U04HHSR838R",
        "U04HHSR8BSM",
        "U04SNLLAGF2",
        "U0524HXGKGQ",
        "U055S63P67M",
        "U056MTZ9XUJ",
        "U0595N42GBT",
        "U05D0C7FFPF",
        "U05D15CCCP9",
        "U05H9HUPD8T",
        "U05NNDAHFHR",
        "U05QK084C11",
        "U061CATGG3X",
        "U0686H5PCM8",
        "U068N56KSKS",
        "U06C5LYN0CU",
        "U06CRP6U9NK",
        "U06PQ1RM41Y",
        "U06SXKXUFEW",
        "U07N3A8C0A2"
    ],
    "topic": {
        "value": "",
        "creator": "",
        "last_set": 0
    },
    "purpose": {
        "value": "",
        "creator": "",
        "last_set": 0
    }
}
]